{"cameraMode":{"drawMode":0,"name":"Shaded","section":"Shading Mode"},"sceneLighting":true,"audioPlay":false,"sceneViewState":{"m_AlwaysRefresh":false,"showFog":true,"showSkybox":true,"showFlares":true,"showImageEffects":true,"showParticleSystems":true,"showVisualEffectGraphs":true,"m_FxEnabled":true},"in2DMode":false,"pivot":{"x":285.5846862792969,"y":112.77262115478516,"z":-166.84657287597657},"rotation":{"x":0.05302659422159195,"y":-0.6683526635169983,"z":0.04759981483221054,"w":0.7405306696891785},"size":2.360614538192749,"orthographic":false}